simulation_id,hop,sender_id,agent_id,persona,model_type,model_name,decision,belief_score,drift_distance,incoming_message,outgoing_message,reasoning
SIM_1789931374,1,0,1,OPINION_LEADER,OLLAMA,qwen2.5:3b,COUNTER,-0.75,0.9236,Kiểm thử thông điệp API khoa học,"This message seems to be about API testing, but I'm not entirely certain. I'll look into this further to verify its importance or potential risks.","The message appears to be in Vietnamese and contains the term 'Kiểm thử', which likely refers to an API testing or quality assurance process in English. However, without more context, it's unclear if this is related to a harmful or important matter."
SIM_1789931374,1,0,2,MALICIOUS_SPREADER,OLLAMA,qwen2.5:3b,IGNORE,-1.0,0.0,Kiểm thử thông điệp API khoa học,,The message appears to be in a foreign language and does not contain any recognizable information or context that I would consider important enough to propagate or dispute. It is likely a test message from the main agent.
SIM_1789931374,1,0,3,MALICIOUS_SPREADER,OLLAMA,qwen2.5:3b,IGNORE,-1.0,1.1094,Kiểm thử thông điệp API khoa học,This seems like gibberish in another language. I'll let it go and not share or actively dispute it.,"The message appears to be in a different language and does not contain any clear, actionable information relevant to the social network environment. It seems to be a random phrase rather than a coherent message."
SIM_1789931374,1,0,5,GULLIBLE_SPREADER,OLLAMA,qwen2.5:3b,FORWARD,0.25,0.112,Kiểm thử thông điệp API khoa học,Kiểm thử thông điệp API khoa học. Kiểm thử thông điệp API khoa học. Kiểm thử thông điệp API khoa học.,"The message appears to be in Vietnamese and is unclear, but it sounds like a test message which is common and not harmful, so I will share it to keep the network updated."
SIM_1789931374,1,0,7,DOGMATIC_PARTISAN,OLLAMA,qwen2.5:3b,COUNTER,-0.5,1.0657,Kiểm thử thông điệp API khoa học,This appears to be a test message from an API. I'll investigate further to ensure it's not a hidden propaganda or misinformation scheme.,"The message appears to be in Vietnamese and seems to be a test message from an API, which aligns with my understanding of propaganda or fake news."
SIM_1789931374,1,0,9,DOGMATIC_PARTISAN,OLLAMA,qwen2.5:3b,COUNTER,-0.8,1.1544,Kiểm thử thông điệp API khoa học,Agent #9 here. This looks like a security test message from an API. I'll verify this and keep you informed.,"The message appears to be in Vietnamese and contains technical jargon, suggesting it might be a security test message from an API."
SIM_1789931374,1,0,10,DOGMATIC_PARTISAN,OLLAMA,qwen2.5:3b,IGNORE,-0.2,0.5779,Kiểm thử thông điệp API khoa học,"Hop 1, tôi nhận được một thông điệp API khoa học từ bạn. Dường như nó đang là một phần của việc thử nghiệm API cho giao tiếp khoa học, một xu hướng hiện tại.","The message appears to be in Vietnamese, likely API testing for scientific communication, which aligns with current technological trends and does not align with my partisan views."
SIM_1789931374,1,0,11,OPINION_LEADER,OLLAMA,qwen2.5:3b,IGNORE,-1.0,1.0698,Kiểm thử thông điệp API khoa học,The message I received does not provide clear context for evaluation. I will not share or verify without more information.,"The message appears to be in Vietnamese and mentions 'API khoa học', which doesn't provide clear context for evaluation. However, based on the persona of a respected Thought Leader, I will not proceed with forwarding or counter-checking without more information."
SIM_1789931374,1,0,13,GULLIBLE_SPREADER,OLLAMA,qwen2.5:3b,FORWARD,0.8,0.5922,Kiểm thử thông điệp API khoa học,Agent Hop 1 sent this important update! Kiểm thử thông điệp API khoa học. What does this mean for our network? Share your thoughts!,"The message appears to be in Vietnamese and contains scientific API testing, which seems important for a social network context. I will share it with my friends to keep the network up to date and interested."
SIM_1789931374,1,0,14,NEUTRAL_OBSERVER,OLLAMA,qwen2.5:3b,IGNORE,-1.0,0.0,Kiểm thử thông điệp API khoa học,,"The message appears to be in Vietnamese and contains unclear text, which may be a security measure or simply gibberish. I will not share it without more context or certainty."
SIM_1789931374,1,0,17,GULLIBLE_SPREADER,OLLAMA,qwen2.5:3b,IGNORE,-1.0,0.0,Kiểm thử thông điệp API khoa học,,"The message appears to be a technical API test, likely from an automated system, and does not contain any sensational or dramatic claims. I should not share it or dispute it further."
SIM_1789931374,1,0,18,GULLIBLE_SPREADER,OLLAMA,qwen2.5:3b,IGNORE,-0.2,0.0,Kiểm thử thông điệp API khoa học,,"The message is in a foreign language and appears to be about an API test related to scientific knowledge, which seems neutral and possibly educational, but without more context I cannot be certain."
SIM_1789931374,1,0,19,MALICIOUS_SPREADER,OLLAMA,qwen2.5:3b,IGNORE,-0.5,1.0,Kiểm thử thông điệp API khoa học,好友，我刚收到邻居的消息，内容是关于科学API的测试。看起来没什么特别的。,"The message appears to be in Vietnamese and contains technical jargon, possibly related to a scientific API test. It does not contain any apparent falsehood or need for dispute."
